text,label
"I love this new update, it is amazing!",positive
"This app is absolutely terrible and broken",negative
"It works fine, nothing special",neutral
"I am so happy with the results today",positive
"This is the worst experience I have ever had",negative
"The feature is okay, does what it should",neutral
"Fantastic work! Really impressed by this",positive
"I hate how slow this has become",negative
"Not bad, not great, just average",neutral
"This made my day, absolutely wonderful!",positive
"Completely useless and a waste of time",negative
"It is acceptable for basic use",neutral
"I am thrilled with how this turned out",positive
"Disgusting update, I want to uninstall",negative
"Works as expected, nothing more nothing less",neutral
"Best decision I ever made, love it!",positive
"Broken, buggy, and totally frustrating",negative
"Seems alright to me, does the job",neutral
"So grateful for this amazing tool",positive
"I am furious about this terrible change",negative
"Decent enough for everyday tasks",neutral
"Absolutely brilliant, exceeded my expectations",positive
"This is a disaster, nothing works",negative
"Average experience overall",neutral
"I feel so motivated after using this",positive
"Terrible design, hard to use",negative
"It is usable but not impressive",neutral
"Super excited about this new feature!",positive
"Annoying bugs everywhere, so disappointing",negative
"Okay product, nothing to write home about",neutral
"I cannot believe how great this is!",positive
"Awful performance, crashing all the time",negative
"Meh, it does what it says",neutral
"This is pure joy to use every day",positive
"I regret installing this garbage",negative
"Pretty standard, meets basic needs",neutral
"Outstanding quality, highly recommend",positive
"Failed to work correctly multiple times",negative
"Neither good nor bad, just fine",neutral
"Loving every second of this experience",positive
"Waste of money and time, avoid it",negative
"Works fine for simple tasks",neutral
"This brought so much happiness to me",positive
"Keeps crashing, totally unreliable",negative
"Acceptable for what it costs",neutral
"Incredible results, beyond my hopes",positive
"The worst app I have ever used",negative
"It is okay, I suppose",neutral
"Thrilled with how quickly it works",positive
"Slow, buggy, and poorly designed",negative
"Does its job without any fuss",neutral
"Really happy to see this improvement",positive
"Absolutely infuriating to deal with",negative
"Nothing special, just functional",neutral
"What a lovely experience this has been",positive
"I am disappointed and let down",negative
"It gets the job done, I guess",neutral
"Feel so good using this every day",positive
"Terrible support and awful product",negative
"Reasonable quality for the price",neutral
"Couldn't be happier with this tool",positive
"So frustrating, does not work at all",negative
"Average quality, does what I need",neutral
"Delightful and easy to use",positive
"Dreadful experience from start to finish",negative
"Okay for casual use",neutral
"I am overjoyed with this update",positive
"Complete failure, do not recommend",negative
"It is adequate but nothing more",neutral
"So satisfying to finally see this working",positive
"Painfully slow and annoying to use",negative
"Standard product, no complaints",neutral
"A truly wonderful addition to my workflow",positive
"I feel cheated, this is awful",negative
"Not exciting but functional",neutral
"Extremely pleased with the outcome",positive
"Garbage quality, total disappointment",negative
"It serves its purpose I suppose",neutral
"Fantastic performance, very impressed",positive
"Broken features and horrible interface",negative
"Acceptable and gets things done",neutral
"Really enjoying this, great job!",positive
"Cannot stand this product anymore",negative
"Plain and simple, does what it says",neutral
